-- hashtags
INSERT INTO hashtags (name) 
VALUES ('#Tech');

INSERT INTO hashtags (name) 
VALUES ('#Coding');

INSERT INTO hashtags (name) 
VALUES ('#Innovation');

INSERT INTO hashtags (name) 
VALUES ('#Development');

INSERT INTO hashtags (name) 
VALUES ('#Design');

INSERT INTO hashtags (name) 
VALUES ('#Startup');

INSERT INTO hashtags (name) 
VALUES ('#Software');

INSERT INTO hashtags (name) 
VALUES ('#Programming');

INSERT INTO hashtags (name) 
VALUES ('#JavaScript');

INSERT INTO hashtags (name) 
VALUES ('#OpenSource');


-- users
insert into users (username, email, fullname, birthdate, phone, password, profilephotouri, biography) 
values ('johnDoe', 'john.doe@example.com', 'John Doe', '1990-01-15', 3001234567, 'password123', 'https://example.com/photos/john.jpg', 'A software developer from NY.');

insert into users (username, email, fullname, birthdate, phone, password, profilephotouri, biography) 
values ('janeSmith', 'jane.smith@example.com', 'Jane Smith', '1992-05-22', 3002345678, 'securePass456', 'https://example.com/photos/jane.jpg', 'Designer and cat lover.');

insert into users (username, email, fullname, birthdate, phone, password, profilephotouri, biography) 
values ('mikeBrown', 'mike.brown@example.com', 'Mike Brown', '1988-03-10', 3003456789, 'pass789!', 'https://example.com/photos/mike.jpg', 'Travel enthusiast.');

insert into users (username, email, fullname, birthdate, phone, password, profilephotouri, biography) 
values ('lucyWhite', 'lucy.white@example.com', 'Lucy White', '1995-11-30', 3004567890, 'lucyPass321', 'https://example.com/photos/lucy.jpg', 'Food blogger.');

insert into users (username, email, fullname, birthdate, phone, password, profilephotouri, biography) 
values ('alexGreen', 'alex.green@example.com', 'Alex Green', '1991-07-05', 3005678901, 'greenPower111', NULL, 'Loves coding and hiking.');

insert into users (username, email, fullname, birthdate, phone, password, profilephotouri, biography) 
values ('emmaBlue', 'emma.blue@example.com', 'Emma Blue', '1993-09-12', 3006789012, 'blueSky222', NULL, NULL);

insert into users (username, email, fullname, birthdate, phone, password, profilephotouri, biography) 
values ('samBlack', 'sam.black@example.com', 'Sam Black', '1985-02-27', 3007890123, 'blackNight333', 'https://example.com/photos/sam.jpg', 'Photographer and artist.');

insert into users (username, email, fullname, birthdate, phone, password, profilephotouri, biography) 
values ('oliverRed', 'oliver.red@example.com', 'Oliver Red', '1989-08-16', 3008901234, 'redSun444', NULL, 'Music producer.');

insert into users (username, email, fullname, birthdate, phone, password, profilephotouri, biography) 
values ('miaYellow', 'mia.yellow@example.com', 'Mia Yellow', '1994-04-03', 3009012345, 'yellowStar555', 'https://example.com/photos/mia.jpg', NULL);

insert into users (username, email, fullname, birthdate, phone, password, profilephotouri, biography) 
values ('noahPurple', 'noah.purple@example.com', 'Noah Purple', '1996-12-25', 3000123456, 'purpleMoon666', NULL, 'Gamer and streamer.');

insert into users (username, email, fullname, birthdate, phone, password, profilephotouri, biography) 
values ('lucia_gomez', 'lucia.gomez@example.com', 'Lucia Gomez', '1995-03-15', 3201234567, 'password123', 'https://example.com/photos/lucia.jpg', 'Amante de la fotografía y la naturaleza.');

insert into users (username, email, fullname, birthdate, phone, password, profilephotouri, biography) 
values ('carlos_rojas', 'carlos.rojas@example.com', 'Carlos Rojas', '1988-07-22', 3109876543, 'password456', 'https://example.com/photos/carlos.jpg', 'Apasionado por el ciclismo y la tecnología.');

insert into users (username, email, fullname, birthdate, phone, password, profilephotouri, biography) 
values ('mariana_soto', 'mariana.soto@example.com', 'Mariana Soto', '1992-11-02', 3001237894, 'password789', 'https://example.com/photos/mariana.jpg', 'Viajar es mi vida, escritora en mis ratos libres.');

insert into users (username, email, fullname, birthdate, phone, password, profilephotouri, biography) 
values ('andres_perez', 'andres.perez@example.com', 'Andres Perez', '1990-01-10', 3204567890, 'password101', 'https://example.com/photos/andres.jpg', 'Chef por pasión, emprendedor por elección.');

insert into users (username, email, fullname, birthdate, phone, password, profilephotouri, biography) 
values ('valentina_mora', 'valentina.mora@example.com', 'Valentina Mora', '1997-05-20', 3107654321, 'password202', 'https://example.com/photos/valentina.jpg', 'Diseñadora gráfica, amante del arte digital.');

insert into users (username, email, fullname, birthdate, phone, password, profilephotouri, biography) 
values ('daniel_fernandez', 'daniel.fernandez@example.com', 'Daniel Fernandez', '1985-12-25', 3002345678, 'password303', 'https://example.com/photos/daniel.jpg', 'Programador y gamer en mis tiempos libres.');

insert into users (username, email, fullname, birthdate, phone, password, profilephotouri, biography) 
values ('paula_garcia', 'paula.garcia@example.com', 'Paula Garcia', '1999-08-14', 3207890123, 'password404', 'https://example.com/photos/paula.jpg', 'Amante de los animales y la música clásica.');

insert into users (username, email, fullname, birthdate, phone, password, profilephotouri, biography) 
values ('sebastian_mejia', 'sebastian.mejia@example.com', 'Sebastian Mejia', '1994-02-28', 3103456789, 'password505', 'https://example.com/photos/sebastian.jpg', 'Deportista y fotógrafo amateur.');

insert into users (username, email, fullname, birthdate, phone, password, profilephotouri, biography) 
values ('camila_ortiz', 'camila.ortiz@example.com', 'Camila Ortiz', '1993-09-30', 3004567891, 'password606', 'https://example.com/photos/camila.jpg', 'Amante del cine independiente.');

insert into users (username, email, fullname, birthdate, phone, password, profilephotouri, biography) 
values ('juan_gutierrez', 'juan.gutierrez@example.com', 'Juan Gutierrez', '1987-06-19', 3201230987, 'password707', 'https://example.com/photos/juan.jpg', 'Ingeniero de software y músico.');

insert into users (username, email, fullname, birthdate, phone, password, profilephotouri, biography) 
values ('sofia_vargas', 'sofia.vargas@example.com', 'Sofia Vargas', '1996-04-25', 3106789054, 'password808', 'https://example.com/photos/sofia.jpg', 'Chef vegana y bloguera de recetas.');

insert into users (username, email, fullname, birthdate, phone, password, profilephotouri, biography) 
values ('matias_romero', 'matias.romero@example.com', 'Matias Romero', '1998-10-10', 3007890123, 'password909', 'https://example.com/photos/matias.jpg', 'Fanático de los deportes extremos.');

insert into users (username, email, fullname, birthdate, phone, password, profilephotouri, biography) 
values ('laura_lopez', 'laura.lopez@example.com', 'Laura Lopez', '1991-12-05', 3202345678, 'password010', 'https://example.com/photos/laura.jpg', 'Artista y amante de los libros.');

insert into users (username, email, fullname, birthdate, phone, password, profilephotouri, biography) 
values ('diego_martinez', 'diego.martinez@example.com', 'Diego Martinez', '1989-03-11', 3103456780, 'password111', 'https://example.com/photos/diego.jpg', 'Viajero empedernido y fotógrafo.');

insert into users (username, email, fullname, birthdate, phone, password, profilephotouri, biography) 
values ('natalia_ramos', 'natalia.ramos@example.com', 'Natalia Ramos', '1992-07-04', 3005678901, 'password212', 'https://example.com/photos/natalia.jpg', 'Diseñadora de interiores.');

insert into users (username, email, fullname, birthdate, phone, password, profilephotouri, biography) 
values ('martin_espinosa', 'martin.espinosa@example.com', 'Martin Espinosa', '1993-11-29', 3206789012, 'password313', 'https://example.com/photos/martin.jpg', 'Amante de la lectura y el cine.');


-- posts
INSERT INTO posts (iduser, content, imageattached, uploaddate) 
VALUES (1, 'Explorando nuevas tecnologías en el desarrollo web.', 'https://example.com/images/post1.jpg', '2025-01-01');

INSERT INTO posts (iduser, content, imageattached, uploaddate) 
VALUES (2, '¡Amo programar en JavaScript! ¿Cuál es tu lenguaje favorito?', NULL, '2025-01-02');

INSERT INTO posts (iduser, content, imageattached, uploaddate) 
VALUES (3, 'Hoy aprendí sobre Spring Boot. ¡Increíble framework!', 'https://example.com/images/post3.jpg', '2025-01-03');

INSERT INTO posts (iduser, content, imageattached, uploaddate) 
VALUES (4, 'Comenzando un nuevo proyecto con React y Vite.', NULL, '2025-01-04');

INSERT INTO posts (iduser, content, imageattached, uploaddate) 
VALUES (5, '¿Alguien ha probado Chakra UI? ¡Me encanta su flexibilidad!', 'https://example.com/images/post5.jpg', '2025-01-05');

INSERT INTO posts (iduser, content, imageattached, uploaddate) 
VALUES (6, 'Compartiendo mi experiencia con PostgreSQL. ¡Altamente recomendable!', NULL, '2025-01-06');

INSERT INTO posts (iduser, content, imageattached, uploaddate) 
VALUES (7, 'Hoy toqué JavaFX. ¡La interfaz se ve genial!', 'https://example.com/images/post7.jpg', '2025-01-07');

INSERT INTO posts (iduser, content, imageattached, uploaddate) 
VALUES (8, 'Las animaciones con ViewTransitions son tan fluidas. ¡Me encanta Astro!', NULL, '2025-01-08');

INSERT INTO posts (iduser, content, imageattached, uploaddate) 
VALUES (9, 'Probando Tailwind CSS junto con Chakra UI. ¡Gran combinación!', 'https://example.com/images/post9.jpg', '2025-01-09');

INSERT INTO posts (iduser, content, imageattached, uploaddate) 
VALUES (10, '¡Finalizado el módulo de gestión de clientes con Spring Boot!', NULL, '2025-01-10');


-- posts-hashtags
INSERT INTO posts_hashtags (idpost, idhashtag) 
VALUES (1, 1);

INSERT INTO posts_hashtags (idpost, idhashtag) 
VALUES (1, 2);

INSERT INTO posts_hashtags (idpost, idhashtag) 
VALUES (2, 1);

INSERT INTO posts_hashtags (idpost, idhashtag) 
VALUES (2, 3);

INSERT INTO posts_hashtags (idpost, idhashtag) 
VALUES (3, 2);

INSERT INTO posts_hashtags (idpost, idhashtag) 
VALUES (3, 4);

INSERT INTO posts_hashtags (idpost, idhashtag) 
VALUES (4, 3);

INSERT INTO posts_hashtags (idpost, idhashtag) 
VALUES (4, 5);

INSERT INTO posts_hashtags (idpost, idhashtag) 
VALUES (5, 4);

INSERT INTO posts_hashtags (idpost, idhashtag) 
VALUES (5, 6);

INSERT INTO posts_hashtags (idpost, idhashtag) 
VALUES (6, 5);

INSERT INTO posts_hashtags (idpost, idhashtag) 
VALUES (6, 7);

INSERT INTO posts_hashtags (idpost, idhashtag) 
VALUES (7, 6);

INSERT INTO posts_hashtags (idpost, idhashtag) 
VALUES (7, 8);

INSERT INTO posts_hashtags (idpost, idhashtag) 
VALUES (8, 7);

INSERT INTO posts_hashtags (idpost, idhashtag) 
VALUES (8, 9);

INSERT INTO posts_hashtags (idpost, idhashtag) 
VALUES (9, 8);

INSERT INTO posts_hashtags (idpost, idhashtag) 
VALUES (9, 10);

INSERT INTO posts_hashtags (idpost, idhashtag) 
VALUES (10, 9);

INSERT INTO posts_hashtags (idpost, idhashtag) 
VALUES (10, 1);

INSERT INTO posts_hashtags (idpost, idhashtag) 
VALUES (1, 3);

INSERT INTO posts_hashtags (idpost, idhashtag) 
VALUES (2, 4);

INSERT INTO posts_hashtags (idpost, idhashtag) 
VALUES (3, 5);

INSERT INTO posts_hashtags (idpost, idhashtag) 
VALUES (4, 6);

INSERT INTO posts_hashtags (idpost, idhashtag) 
VALUES (5, 7);

INSERT INTO posts_hashtags (idpost, idhashtag) 
VALUES (6, 8);

INSERT INTO posts_hashtags (idpost, idhashtag) 
VALUES (7, 9);

INSERT INTO posts_hashtags (idpost, idhashtag) 
VALUES (8, 10);

INSERT INTO posts_hashtags (idpost, idhashtag) 
VALUES (9, 1);

INSERT INTO posts_hashtags (idpost, idhashtag) 
VALUES (10, 2);

INSERT INTO posts_hashtags (idpost, idhashtag) 
VALUES (1, 4);

INSERT INTO posts_hashtags (idpost, idhashtag) 
VALUES (2, 5);

INSERT INTO posts_hashtags (idpost, idhashtag) 
VALUES (3, 6);

INSERT INTO posts_hashtags (idpost, idhashtag) 
VALUES (4, 7);

INSERT INTO posts_hashtags (idpost, idhashtag) 
VALUES (5, 8);


-- comments
INSERT INTO comments (iduser, idpost, content) 
VALUES (1, 1, '¡Genial publicación!');

INSERT INTO comments (iduser, idpost, content) 
VALUES (2, 1, 'Me encantó este contenido.');

INSERT INTO comments (iduser, idpost, content) 
VALUES (3, 2, 'Muy interesante, gracias por compartir.');

INSERT INTO comments (iduser, idpost, content) 
VALUES (4, 2, '¡Esto me ha servido mucho!');

INSERT INTO comments (iduser, idpost, content) 
VALUES (5, 3, 'Increíble, sigue así.');

INSERT INTO comments (iduser, idpost, content) 
VALUES (6, 3, 'Gran aporte, me gustó bastante.');

INSERT INTO comments (iduser, idpost, content) 
VALUES (7, 4, 'No sabía esto, muy útil.');

INSERT INTO comments (iduser, idpost, content) 
VALUES (8, 4, '¡Gracias por compartir!');

INSERT INTO comments (iduser, idpost, content) 
VALUES (9, 5, 'Muy buen post.');

INSERT INTO comments (iduser, idpost, content) 
VALUES (10, 5, 'Esto es justo lo que necesitaba.');

INSERT INTO comments (iduser, idpost, content) 
VALUES (1, 6, 'Buenísimo, aprendí mucho.');

INSERT INTO comments (iduser, idpost, content) 
VALUES (2, 6, 'Muy claro y preciso.');

INSERT INTO comments (iduser, idpost, content) 
VALUES (3, 7, '¡Excelente explicación!');

INSERT INTO comments (iduser, idpost, content) 
VALUES (4, 7, 'Muy bien estructurado.');

INSERT INTO comments (iduser, idpost, content) 
VALUES (5, 8, 'Sigue compartiendo contenido así.');

INSERT INTO comments (iduser, idpost, content) 
VALUES (6, 8, '¡Esto es oro puro!');

INSERT INTO comments (iduser, idpost, content) 
VALUES (7, 9, 'Me aclaraste muchas dudas.');

INSERT INTO comments (iduser, idpost, content) 
VALUES (8, 9, 'Me sirvió mucho esta información.');

INSERT INTO comments (iduser, idpost, content) 
VALUES (9, 10, '¡Súper útil!');

INSERT INTO comments (iduser, idpost, content) 
VALUES (10, 10, 'No sabía esto, muchas gracias.');

INSERT INTO comments (iduser, idpost, content) 
VALUES (1, 1, 'Volví para leerlo otra vez.');

INSERT INTO comments (iduser, idpost, content) 
VALUES (2, 2, 'Recomendaré este post.');

INSERT INTO comments (iduser, idpost, content) 
VALUES (3, 3, '¡Excelente trabajo!');

INSERT INTO comments (iduser, idpost, content) 
VALUES (4, 4, 'Este contenido es de calidad.');

INSERT INTO comments (iduser, idpost, content) 
VALUES (5, 5, '¡Sigue así!');

INSERT INTO comments (iduser, idpost, content) 
VALUES (6, 6, '¡Muy interesante!');

INSERT INTO comments (iduser, idpost, content) 
VALUES (7, 7, 'Aprendí mucho hoy.');

INSERT INTO comments (iduser, idpost, content) 
VALUES (8, 8, 'Esto merece más visibilidad.');

INSERT INTO comments (iduser, idpost, content) 
VALUES (9, 9, 'Genial explicación, muy claro.');

INSERT INTO comments (iduser, idpost, content) 
VALUES (10, 10, 'Esperando más contenido así.');

INSERT INTO comments (iduser, idpost, content) 
VALUES (1, 2, 'Esto cambió mi perspectiva.');

INSERT INTO comments (iduser, idpost, content) 
VALUES (2, 3, '¡Bien explicado!');

INSERT INTO comments (iduser, idpost, content) 
VALUES (3, 4, 'Esto es justo lo que buscaba.');

INSERT INTO comments (iduser, idpost, content) 
VALUES (4, 5, '¡Muy completo!');

INSERT INTO comments (iduser, idpost, content) 
VALUES (5, 6, '¡Gracias por el aporte!');


-- follows
insert into follows (iduserfollowed, iduserfollower, followdate) values (3, 12, '2024-01-15');
insert into follows (iduserfollowed, iduserfollower, followdate) values (7, 4, '2023-11-22');
insert into follows (iduserfollowed, iduserfollower, followdate) values (15, 9, '2023-05-30');
insert into follows (iduserfollowed, iduserfollower, followdate) values (20, 8, '2024-02-01');
insert into follows (iduserfollowed, iduserfollower, followdate) values (11, 2, '2023-12-19');
insert into follows (iduserfollowed, iduserfollower, followdate) values (22, 18, '2024-01-08');
insert into follows (iduserfollowed, iduserfollower, followdate) values (14, 25, '2024-02-20');
insert into follows (iduserfollowed, iduserfollower, followdate) values (9, 17, '2024-01-28');
insert into follows (iduserfollowed, iduserfollower, followdate) values (26, 19, '2023-12-02');
insert into follows (iduserfollowed, iduserfollower, followdate) values (16, 5, '2023-07-18');
insert into follows (iduserfollowed, iduserfollower, followdate) values (10, 24, '2024-01-22');
insert into follows (iduserfollowed, iduserfollower, followdate) values (6, 23, '2023-12-15');
insert into follows (iduserfollowed, iduserfollower, followdate) values (13, 7, '2023-09-29');
insert into follows (iduserfollowed, iduserfollower, followdate) values (24, 21, '2023-08-11');
insert into follows (iduserfollowed, iduserfollower, followdate) values (12, 15, '2023-11-08');
insert into follows (iduserfollowed, iduserfollower, followdate) values (25, 3, '2023-08-07');
insert into follows (iduserfollowed, iduserfollower, followdate) values (8, 1, '2024-02-12');
insert into follows (iduserfollowed, iduserfollower, followdate) values (1, 16, '2023-10-20');
insert into follows (iduserfollowed, iduserfollower, followdate) values (14, 6, '2023-11-16');
insert into follows (iduserfollowed, iduserfollower, followdate) values (22, 9, '2024-03-01');
insert into follows (iduserfollowed, iduserfollower, followdate) values (2, 14, '2024-02-15');
insert into follows (iduserfollowed, iduserfollower, followdate) values (4, 10, '2023-09-05');
insert into follows (iduserfollowed, iduserfollower, followdate) values (5, 11, '2023-07-19');
insert into follows (iduserfollowed, iduserfollower, followdate) values (6, 22, '2024-01-02');
insert into follows (iduserfollowed, iduserfollower, followdate) values (7, 2, '2023-12-21');
insert into follows (iduserfollowed, iduserfollower, followdate) values (8, 5, '2024-01-14');
insert into follows (iduserfollowed, iduserfollower, followdate) values (9, 4, '2023-08-23');
insert into follows (iduserfollowed, iduserfollower, followdate) values (10, 13, '2024-02-18');
insert into follows (iduserfollowed, iduserfollower, followdate) values (11, 7, '2023-11-02');
insert into follows (iduserfollowed, iduserfollower, followdate) values (12, 4, '2023-10-11');
insert into follows (iduserfollowed, iduserfollower, followdate) values (13, 9, '2023-11-10');
insert into follows (iduserfollowed, iduserfollower, followdate) values (15, 6, '2024-01-30');
insert into follows (iduserfollowed, iduserfollower, followdate) values (16, 2, '2023-09-21');
insert into follows (iduserfollowed, iduserfollower, followdate) values (17, 12, '2023-08-04');
insert into follows (iduserfollowed, iduserfollower, followdate) values (18, 14, '2023-12-28');
insert into follows (iduserfollowed, iduserfollower, followdate) values (19, 11, '2024-02-03');
insert into follows (iduserfollowed, iduserfollower, followdate) values (20, 17, '2023-10-09');
insert into follows (iduserfollowed, iduserfollower, followdate) values (21, 6, '2024-01-11');
insert into follows (iduserfollowed, iduserfollower, followdate) values (23, 15, '2024-02-25');
insert into follows (iduserfollowed, iduserfollower, followdate) values (26, 8, '2023-07-22');
insert into follows (iduserfollowed, iduserfollower, followdate) values (3, 5, '2024-02-09');
insert into follows (iduserfollowed, iduserfollower, followdate) values (4, 1, '2023-12-13');
insert into follows (iduserfollowed, iduserfollower, followdate) values (5, 9, '2023-11-03');
insert into follows (iduserfollowed, iduserfollower, followdate) values (7, 3, '2024-01-17');
insert into follows (iduserfollowed, iduserfollower, followdate) values (9, 6, '2023-09-30');
insert into follows (iduserfollowed, iduserfollower, followdate) values (11, 10, '2024-02-26');
insert into follows (iduserfollowed, iduserfollower, followdate) values (13, 8, '2023-11-23');
insert into follows (iduserfollowed, iduserfollower, followdate) values (15, 4, '2023-12-03');
insert into follows (iduserfollowed, iduserfollower, followdate) values (17, 13, '2024-01-04');
insert into follows (iduserfollowed, iduserfollower, followdate) values (18, 3, '2023-08-30');
insert into follows (iduserfollowed, iduserfollower, followdate) values (19, 16, '2024-01-06');
insert into follows (iduserfollowed, iduserfollower, followdate) values (21, 5, '2023-11-29');
insert into follows (iduserfollowed, iduserfollower, followdate) values (23, 11, '2023-09-14');
insert into follows (iduserfollowed, iduserfollower, followdate) values (24, 10, '2024-02-24');
insert into follows (iduserfollowed, iduserfollower, followdate) values (25, 14, '2023-07-31');
insert into follows (iduserfollowed, iduserfollower, followdate) values (26, 7, '2024-01-13');


-- likes 
INSERT INTO likes (idpost, iduser) 
VALUES (1, 1);

INSERT INTO likes (idpost, iduser) 
VALUES (1, 2);

INSERT INTO likes (idpost, iduser) 
VALUES (2, 1);

INSERT INTO likes (idpost, iduser) 
VALUES (2, 3);

INSERT INTO likes (idpost, iduser) 
VALUES (3, 2);

INSERT INTO likes (idpost, iduser) 
VALUES (3, 4);

INSERT INTO likes (idpost, iduser) 
VALUES (4, 3);

INSERT INTO likes (idpost, iduser) 
VALUES (4, 5);

INSERT INTO likes (idpost, iduser) 
VALUES (5, 4);

INSERT INTO likes (idpost, iduser) 
VALUES (5, 6);

INSERT INTO likes (idpost, iduser) 
VALUES (6, 5);

INSERT INTO likes (idpost, iduser) 
VALUES (6, 7);

INSERT INTO likes (idpost, iduser) 
VALUES (7, 6);

INSERT INTO likes (idpost, iduser) 
VALUES (7, 8);

INSERT INTO likes (idpost, iduser) 
VALUES (8, 7);

INSERT INTO likes (idpost, iduser) 
VALUES (8, 9);

INSERT INTO likes (idpost, iduser) 
VALUES (9, 8);

INSERT INTO likes (idpost, iduser) 
VALUES (9, 10);

INSERT INTO likes (idpost, iduser) 
VALUES (10, 9);

INSERT INTO likes (idpost, iduser) 
VALUES (10, 1);

INSERT INTO likes (idpost, iduser) 
VALUES (1, 3);

INSERT INTO likes (idpost, iduser) 
VALUES (2, 4);

INSERT INTO likes (idpost, iduser) 
VALUES (3, 5);

INSERT INTO likes (idpost, iduser) 
VALUES (4, 6);

INSERT INTO likes (idpost, iduser) 
VALUES (5, 7);

INSERT INTO likes (idpost, iduser) 
VALUES (6, 8);

INSERT INTO likes (idpost, iduser) 
VALUES (7, 9);

INSERT INTO likes (idpost, iduser) 
VALUES (8, 10);

INSERT INTO likes (idpost, iduser) 
VALUES (9, 1);

INSERT INTO likes (idpost, iduser) 
VALUES (10, 2);

INSERT INTO likes (idpost, iduser) 
VALUES (1, 4);

INSERT INTO likes (idpost, iduser) 
VALUES (2, 5);

INSERT INTO likes (idpost, iduser) 
VALUES (3, 6);

INSERT INTO likes (idpost, iduser) 
VALUES (4, 7);

INSERT INTO likes (idpost, iduser) 
VALUES (5, 8);


-- tags
INSERT INTO tags (idusertagged, idusertagger, idcomment) VALUES (4, 15, 27);
INSERT INTO tags (idusertagged, idusertagger, idcomment) VALUES (9, 7, 12);
INSERT INTO tags (idusertagged, idusertagger, idcomment) VALUES (22, 10, 33);
INSERT INTO tags (idusertagged, idusertagger, idcomment) VALUES (18, 14, 21);
INSERT INTO tags (idusertagged, idusertagger, idcomment) VALUES (11, 26, 8);
INSERT INTO tags (idusertagged, idusertagger, idcomment) VALUES (21, 3, 9);
INSERT INTO tags (idusertagged, idusertagger, idcomment) VALUES (6, 24, 14);
INSERT INTO tags (idusertagged, idusertagger, idcomment) VALUES (19, 4, 32);
INSERT INTO tags (idusertagged, idusertagger, idcomment) VALUES (17, 23, 30);
INSERT INTO tags (idusertagged, idusertagger, idcomment) VALUES (2, 20, 17);


-- -- notifications